"team.value","capacity.value","coords.value","image.value","teamLabel.value","venueLabel.value","team_twitter.value"
"http://www.wikidata.org/entity/Q704","59186","Point(4.979825 45.764327777)","http://commons.wikimedia.org/wiki/Special:FilePath/Stade%20Lumi%C3%A8re.jpg","Olympique Lyonnais","Parc Olympique lyonnais",NA
"http://www.wikidata.org/entity/Q2714","17477","Point(-0.401606 51.649928)","http://commons.wikimedia.org/wiki/Special:FilePath/Vicarageroad1.jpg","Watford Football Club","Vicarage Road",NA
"http://www.wikidata.org/entity/Q1900","16500","Point(9.181944 39.230833)","http://commons.wikimedia.org/wiki/Special:FilePath/Stadio%20Is%20Arenas.jpg","Cagliari Calcio","Stadio Is Arenas",NA
"http://www.wikidata.org/entity/Q29108","21504","Point(30.286389 59.951944)","http://commons.wikimedia.org/wiki/Special:FilePath/Petrovskiy%20football%20stadium%20in%20SPB.jpg","F.C. Zenit St. Petersburg","Petrovsky Stadium","zenit_spb"
"http://www.wikidata.org/entity/Q2674","36349","Point(13.342275 38.152767)","http://commons.wikimedia.org/wiki/Special:FilePath/Stadio%20Renzo%20Barbera.jpg","U.S. Città di Palermo","Stadio Renzo Barbera","palermocalcioit"
"http://www.wikidata.org/entity/Q18729","24161","Point(-0.982777777 51.422222222)","http://commons.wikimedia.org/wiki/Special:FilePath/Madejski%20Stadium%20-%20geograph.org.uk%20-%203023491.jpg","Reading F.C.","Madejski Stadium",NA
"http://www.wikidata.org/entity/Q18723","18439","Point(-0.232222222 51.509166666)","http://commons.wikimedia.org/wiki/Special:FilePath/Loftus%20Road%203.jpg","Queens Park Rangers F.C.","Loftus Road","OfficialQPR"
"http://www.wikidata.org/entity/Q18744","26445","Point(-1.963888888 52.509166666)","http://commons.wikimedia.org/wiki/Special:FilePath/West%20brom%20stadium.JPG","West Bromwich Albion F.C.","The Hawthorns",NA
"http://www.wikidata.org/entity/Q18739","49000","Point(-1.3882 54.9144)","http://commons.wikimedia.org/wiki/Special:FilePath/Stadium%20of%20light%20Haway%20the%20lads.jpg","Sunderland A.F.C.","Stadium of Light",NA
"http://www.wikidata.org/entity/Q48911","18500","Point(-3.369733 47.748256)","http://commons.wikimedia.org/wiki/Special:FilePath/Stade%20du%20Moustoir%201.jpg","F.C. Lorient","Stade du Moustoir",NA
"http://www.wikidata.org/entity/Q1422","41800","Point(7.641247 45.109594)","http://commons.wikimedia.org/wiki/Special:FilePath/Juventus%20stadium.jpg","Juventus F.C.","Juventus Stadium","juventusfces"
"http://www.wikidata.org/entity/Q2641","76824","Point(14.193008 40.827967)","http://commons.wikimedia.org/wiki/Special:FilePath/Stadio%20San%20Paolo.jpg","Napoli","Stadio San Paolo",NA
"http://www.wikidata.org/entity/Q18656","75731","Point(-2.291388888 53.463055555)","http://commons.wikimedia.org/wiki/Special:FilePath/Old%20Trafford%20inside%2020060726%201.jpg","Manchester United F.C.","Old Trafford","ManUtd_ES"
"http://www.wikidata.org/entity/Q18656","75731","Point(-2.291388888 53.463055555)","http://commons.wikimedia.org/wiki/Special:FilePath/Old%20Trafford%20inside%2020060726%201.jpg","Manchester United F.C.","Old Trafford","ManUtd"
"http://www.wikidata.org/entity/Q18656","75731","Point(-2.291388888 53.463055555)","http://commons.wikimedia.org/wiki/Special:FilePath/Old%20Traford.jpg","Manchester United F.C.","Old Trafford","ManUtd_ES"
"http://www.wikidata.org/entity/Q18656","75731","Point(-2.291388888 53.463055555)","http://commons.wikimedia.org/wiki/Special:FilePath/Old%20Traford.jpg","Manchester United F.C.","Old Trafford","ManUtd"
"http://www.wikidata.org/entity/Q6664","23860","Point(12.261944 44.140556)","http://commons.wikimedia.org/wiki/Special:FilePath/Stadio%20Manuzzi7.jpg","A.C. Cesena","Stadio Dino Manuzzi",NA
"http://www.wikidata.org/entity/Q6703","19847","Point(10.955 43.726389)",NA,"Empoli F.C.","Stadio Carlo Castellani",NA
"http://www.wikidata.org/entity/Q8603","21151","Point(10.923333 44.653611)","http://commons.wikimedia.org/wiki/Special:FilePath/Stadio%20Alberto%20Braglia.jpg","U.S. Sassuolo Calcio","Stadio Alberto Braglia","SassuoloUS"
"http://www.wikidata.org/entity/Q10499","21822","Point(-4.764642 37.872294)","http://commons.wikimedia.org/wiki/Special:FilePath/Octubre%20de%202007026.jpg","Córdoba CF","Estadio Nuevo Arcángel","cordobacfsad"
"http://www.wikidata.org/entity/Q18721","27244","Point(1.308653 52.622128)","http://commons.wikimedia.org/wiki/Special:FilePath/NCFC%20Geoffrey%20Watling%20City%20Stand%20Apr07.JPG","Norwich City F.C.","Carrow Road",NA
"http://www.wikidata.org/entity/Q15789","66000","Point(11.624752777 48.218775)","http://commons.wikimedia.org/wiki/Special:FilePath/M%C3%BCnchen%20-%20Allianz-Arena%20%28Luftbild%29.jpg","FC Bayern Munich","Allianz Arena","FCBayern"
"http://www.wikidata.org/entity/Q15789","75000","Point(11.624752777 48.218775)","http://commons.wikimedia.org/wiki/Special:FilePath/M%C3%BCnchen%20-%20Allianz-Arena%20%28Luftbild%29.jpg","FC Bayern Munich","Allianz Arena","FCBayern"
"http://www.wikidata.org/entity/Q22707","30150","Point(8.888278 49.239)","http://commons.wikimedia.org/wiki/Special:FilePath/Rhein-Neckar-Arena%20Sinsheim.JPG","TSG 1899 Hoffenheim","Rhein-Neckar Arena","achtzehn99"
"http://www.wikidata.org/entity/Q631","26000","Point(9.124 45.47808)","http://commons.wikimedia.org/wiki/Special:FilePath/Scudo2009.jpg","Football Club Internazionale Milano","Stadio Giuseppe Meazza","inter"
"http://www.wikidata.org/entity/Q1543","26000","Point(9.124 45.47808)","http://commons.wikimedia.org/wiki/Special:FilePath/Scudo2009.jpg","A.C. Milan","Stadio Giuseppe Meazza","acmilan"
"http://www.wikidata.org/entity/Q41420","81359","Point(7.451667 51.4925)","http://commons.wikimedia.org/wiki/Special:FilePath/Signal%20Iduna%20Park%20new%20sign.jpg","Borussia Dortmund","Signal Iduna Park","BVB"
"http://www.wikidata.org/entity/Q32494","61973","Point(7.067588888 51.554502777)","http://commons.wikimedia.org/wiki/Special:FilePath/2010-06-03%20Arena%20AufSchalke%2001.jpg","FC Schalke 04","Veltins Arena",NA
"http://www.wikidata.org/entity/Q32494","61973","Point(7.067588888 51.554502777)","http://commons.wikimedia.org/wiki/Special:FilePath/Schalke04Stadion1.jpg","FC Schalke 04","Veltins Arena",NA
"http://www.wikidata.org/entity/Q4512","60441","Point(9.231944 48.792222)","http://commons.wikimedia.org/wiki/Special:FilePath/Blick%20vom%20Rotenberg%20Stadion.jpg","VfB Stuttgart","Mercedes-Benz Arena",NA
"http://www.wikidata.org/entity/Q4512","60441","Point(9.231944 48.792222)","http://commons.wikimedia.org/wiki/Special:FilePath/Neckarstadion%202011.jpg","VfB Stuttgart","Mercedes-Benz Arena",NA
"http://www.wikidata.org/entity/Q15786","50000","Point(11.125278 49.426389)","http://commons.wikimedia.org/wiki/Special:FilePath/Frankenstadion%201.JPG","1. FC Nürnberg","Stadion Nürnberg",NA
"http://www.wikidata.org/entity/Q33748","49000","Point(9.731111 52.36)","http://commons.wikimedia.org/wiki/Special:FilePath/AWD%20Eingang08.jpg","Hannover 96","AWD-Arena",NA
"http://www.wikidata.org/entity/Q8466","49780","Point(7.775833 49.434444)","http://commons.wikimedia.org/wiki/Special:FilePath/Kaiserslautern%2003.jpg","1. FC Kaiserslautern","Fritz-Walter-Stadion","rote_teufel"
"http://www.wikidata.org/entity/Q51976","42500","Point(8.8375 53.066389)","http://commons.wikimedia.org/wiki/Special:FilePath/Weserstadion%202011-05-01.jpg","SV Werder Bremen","Weserstadion",NA
"http://www.wikidata.org/entity/Q101859","30000","Point(10.803889 52.431944)","http://commons.wikimedia.org/wiki/Special:FilePath/Wolfsburg%20stadion.jpg","VfL Wolfsburg","Volkswagen Arena",NA
"http://www.wikidata.org/entity/Q38245","51500","Point(8.645278 50.068611)","http://commons.wikimedia.org/wiki/Special:FilePath/130919-Commerzbank-Arena-Europa-League.jpg","Eintracht Frankfurt","Commerzbank-Arena",NA
"http://www.wikidata.org/entity/Q7156","98772","Point(2.1225 41.380833)","http://commons.wikimedia.org/wiki/Special:FilePath/Camp%20Nou%20aerial%20%28cropped%29.jpg","FC Barcelona","Camp Nou","fcbarcelona_es"
"http://www.wikidata.org/entity/Q7156","99354","Point(2.1225 41.380833)","http://commons.wikimedia.org/wiki/Special:FilePath/Camp%20Nou%20aerial%20%28cropped%29.jpg","FC Barcelona","Camp Nou","fcbarcelona_es"
"http://www.wikidata.org/entity/Q2609","72698","Point(12.454714 41.933872)","http://commons.wikimedia.org/wiki/Special:FilePath/2012-02-11%20Rome%20Olympic%20Stadium%20under%20the%20snow%20ITA%20-%20ENG%20rugby.jpg","S.S. Lazio","Stadio Olimpico","officialsslazio"
"http://www.wikidata.org/entity/Q2739","72698","Point(12.454714 41.933872)","http://commons.wikimedia.org/wiki/Special:FilePath/2012-02-11%20Rome%20Olympic%20Stadium%20under%20the%20snow%20ITA%20-%20ENG%20rugby.jpg","A.S. Roma","Stadio Olimpico","officialasroma"
"http://www.wikidata.org/entity/Q9617","60338","Point(-0.108611111 51.555)","http://commons.wikimedia.org/wiki/Special:FilePath/Emirates%20Stadium%20east%20side%20at%20dusk.jpg","Arsenal F.C.","Emirates Stadium","Arsenal"
"http://www.wikidata.org/entity/Q8682","85454","Point(-3.68835 40.45306)","http://commons.wikimedia.org/wiki/Special:FilePath/Estadio%20Santiago%20Bernab%C3%A9u%2011.jpg","Real Madrid Club de Fútbol","Estadio Santiago Bernabéu","realmadrid"
"http://www.wikidata.org/entity/Q15755","30660","Point(10.882344 48.322703)","http://commons.wikimedia.org/wiki/Special:FilePath/Impuls%20Arena%20Augsburg%202011.jpg","FC Augsburg","WWK Arena",NA
"http://www.wikidata.org/entity/Q9616","41800","Point(-0.191111111 51.481666666)","http://commons.wikimedia.org/wiki/Special:FilePath/Stamford%20Bridge%20Clear%20Skies.JPG","Chelsea F.C.","Stamford Bridge stadium","chelseafc"
"http://www.wikidata.org/entity/Q18711","42682","Point(-1.884722222 52.509166666)","http://commons.wikimedia.org/wiki/Special:FilePath/Villa%20Park.jpg","Aston Villa F.C.","Villa Park","avfcofficial"
"http://www.wikidata.org/entity/Q8687","83332","Point(-2.949369 43.264205)","http://commons.wikimedia.org/wiki/Special:FilePath/San%20Mames%2C%20Euskal%20Herria.jpg","Athletic Club","San Mamés Stadium",NA
"http://www.wikidata.org/entity/Q18741","36284","Point(-0.065833333 51.603333333)","http://commons.wikimedia.org/wiki/Special:FilePath/White%20Hart%20Lane%20from%20South%20End.JPG","Tottenham Hotspur F.C.","White Hart Lane","SpursOfficial"
"http://www.wikidata.org/entity/Q52942","43269","Point(16.858056 52.397222)","http://commons.wikimedia.org/wiki/Special:FilePath/Stadion%20Miejski%20Poznan%2C%202011-08-23.jpg","Lech Poznań","Stadion Miejski",NA
"http://www.wikidata.org/entity/Q18716","52405","Point(-1.621666666 54.975555555)","http://commons.wikimedia.org/wiki/Special:FilePath/Aerial%20view%20of%20St%20James%20Park%20-%20geograph.org.uk%20-%20472327%20%28cropped%29.jpg","Newcastle United F.C.","St James' Park","nufc"
"http://www.wikidata.org/entity/Q19470","33597","Point(-1.447222222 52.915)","http://commons.wikimedia.org/wiki/Special:FilePath/Pride%20Park.jpg","Derby County F.C.","Pride Park Stadium",NA
"http://www.wikidata.org/entity/Q10333","53000","Point(-0.358333 39.474722)","http://commons.wikimedia.org/wiki/Special:FilePath/Mestalla1.jpg","Valencia CF","Mestalla Stadium","valenciacf"
"http://www.wikidata.org/entity/Q81888","52960","Point(4.941944444 52.314166666)","http://commons.wikimedia.org/wiki/Special:FilePath/Amsterdam%20Arena.jpg","A.F.C. Ajax","Amsterdam Arena","afcajax"
"http://www.wikidata.org/entity/Q8701","54960","Point(-3.720556 40.401667)","http://commons.wikimedia.org/wiki/Special:FilePath/VicenteCalderon.jpg","Atlético Madrid","Vicente Calderón Stadium","Atleti"
"http://www.wikidata.org/entity/Q19628","33334","Point(23.664536 37.946169)","http://commons.wikimedia.org/wiki/Special:FilePath/Karaiskakis%20Stadium%20Piraeus%20Olympiacos-Arsenal.jpg","Olympiacos F.C.","Karaiskakis Stadium","olympiacos_org"
"http://www.wikidata.org/entity/Q2768","28140","Point(7.65 45.041667)","http://commons.wikimedia.org/wiki/Special:FilePath/Stadio%20Olimpico%20Torino%20Italy.jpg","Torino Football Club","Stadio Olimpico di Torino","torinofc_1906"
"http://www.wikidata.org/entity/Q19593","60355","Point(-4.205588888 55.849711111)","http://commons.wikimedia.org/wiki/Special:FilePath/Celtic%20Park%20New.jpg","Celtic F.C.","Celtic Park",NA
"http://www.wikidata.org/entity/Q2052","47282","Point(11.282258 43.780822)","http://commons.wikimedia.org/wiki/Special:FilePath/Soccer%20in%20Florence%2C%20Italy%2C%202007.jpg","ACF Fiorentina","Stadio Artemio Franchi","violachannel"
"http://www.wikidata.org/entity/Q1457","36703","Point(8.952428 44.416431)","http://commons.wikimedia.org/wiki/Special:FilePath/Stadio%20Luigi%20Ferraris%20da%20mura%20S.%20Bartolomeo.jpg","Unione Calcio Sampdoria","Stadio Luigi Ferraris","sampdoria"
"http://www.wikidata.org/entity/Q2074","36703","Point(8.952428 44.416431)","http://commons.wikimedia.org/wiki/Special:FilePath/Stadio%20Luigi%20Ferraris%20da%20mura%20S.%20Bartolomeo.jpg","Genoa Cricket and Football Club","Stadio Luigi Ferraris","GenoaCFC"
"http://www.wikidata.org/entity/Q75729","50049","Point(-9.160783333 38.761194444)","http://commons.wikimedia.org/wiki/Special:FilePath/Est%C3%A1dio%20Sporting%20interior.jpg","Sporting Clube de Portugal","Estádio José Alvalade",NA
"http://www.wikidata.org/entity/Q18708","25700","Point(-0.221666666 51.475)","http://commons.wikimedia.org/wiki/Special:FilePath/Craven%20Cottage%20Football%20Ground%20-%20geograph.org.uk%20-%20778731.jpg","Fulham F.C.","Craven Cottage",NA
"http://www.wikidata.org/entity/Q18747","35016","Point(0.039444444 51.531944444)","http://commons.wikimedia.org/wiki/Special:FilePath/Boleyn%20Ground%20Upton%20Park%201.jpg","West Ham United F.C.","Boleyn Ground","whufc_official"
"http://www.wikidata.org/entity/Q18747","35333","Point(0.039444444 51.531944444)","http://commons.wikimedia.org/wiki/Special:FilePath/Boleyn%20Ground%20Upton%20Park%201.jpg","West Ham United F.C.","Boleyn Ground","whufc_official"
"http://www.wikidata.org/entity/Q19500","30852","Point(-2.130277777 52.590277777)","http://commons.wikimedia.org/wiki/Special:FilePath/Molineux%20Ground%2C%20Wolverhampton.jpg","Wolverhampton Wanderers F.C.","Molineux Stadium",NA
"http://www.wikidata.org/entity/Q18750","25133","Point(-2.653889 53.547778)","http://commons.wikimedia.org/wiki/Special:FilePath/Warm%20up%20at%20the%20DW%20Stadium%2C%20Wigan%20-%20geograph.org.uk%20-%202012508.jpg","Wigan Athletic F.C.","DW Stadium","laticsofficial"
"http://www.wikidata.org/entity/Q18736","27740","Point(-2.175555555 52.988333333)","http://commons.wikimedia.org/wiki/Special:FilePath/Britannia%20Stadium%201.JPG","Stoke City F.C.","Britannia Stadium",NA
"http://www.wikidata.org/entity/Q18732","32589","Point(-1.391111111 50.905833333)","http://commons.wikimedia.org/wiki/Special:FilePath/StMary%27sStadium-1.jpg","Southampton F.C.","St Mary's Stadium","SouthamptonFC"
"http://www.wikidata.org/entity/Q18659","20750","Point(-3.9351 51.6422)","http://commons.wikimedia.org/wiki/Special:FilePath/New%20Morfa%20Stadium%20-%20geograph.org.uk%20-%2032243.jpg","Swansea City A.F.C.","Liberty Stadium",NA
"http://www.wikidata.org/entity/Q19490","30602","Point(-1.132778 52.94)","http://commons.wikimedia.org/wiki/Special:FilePath/The%20City%20Ground%2C%20Nottingham.jpg","Nottingham Forest F.C.","City Ground",NA
"http://www.wikidata.org/entity/Q29115","30075","Point(37.741169 55.80355)","http://commons.wikimedia.org/wiki/Special:FilePath/Lokomotiv-stadium.jpg","FC Lokomotiv Moscow","Lokomotiv Stadium",NA
"http://www.wikidata.org/entity/Q48941","5327","Point(-3.024728 53.916508)","http://commons.wikimedia.org/wiki/Special:FilePath/FTFC01.jpg","Fleetwood Town F.C.","Highbury Stadium",NA
"http://www.wikidata.org/entity/Q19568","12000","Point(-1.838333 50.735278)","http://commons.wikimedia.org/wiki/Special:FilePath/Deancourt%2014092013%20vblackpool.jpg","A.F.C. Bournemouth","Dean Court",NA
"http://www.wikidata.org/entity/Q48943","11582","Point(0.560753 51.38425)","http://commons.wikimedia.org/wiki/Special:FilePath/Priestfield%20Stadium%20Medway%20Stand.jpg","Gillingham F.C.","Priestfield Stadium",NA
"http://www.wikidata.org/entity/Q19453","30750","Point(-0.083277777 50.861822222)","http://commons.wikimedia.org/wiki/Special:FilePath/Falmer%20Stadium%20-%20night.jpg","Brighton & Hove Albion F.C.","Falmer Stadium",NA
"http://www.wikidata.org/entity/Q9653","30311","Point(1.144830555 52.055061111)","http://commons.wikimedia.org/wiki/Special:FilePath/Cobbold%20Stand%2C%20Ipswich%20Town%20Football%20Club%208418.jpg","Ipswich Town F.C.","Portman Road",NA
"http://www.wikidata.org/entity/Q19481","32262","Point(-1.142222222 52.620277777)","http://commons.wikimedia.org/wiki/Special:FilePath/WalkerStadium.jpg","Leicester City F.C.","King Power Stadium",NA
"http://www.wikidata.org/entity/Q19477","25400","Point(-0.367777777 53.746111111)","http://commons.wikimedia.org/wiki/Special:FilePath/KC%20Stadium%20in%20day.jpg","Hull City A.F.C.","KC Stadium",NA
"http://www.wikidata.org/entity/Q2798","30642","Point(13.200136 46.081603)","http://commons.wikimedia.org/wiki/Special:FilePath/Stadio%20Friuli.JPG","Moñitos clup","Stadio Friuli","Udinese_1896"
"http://www.wikidata.org/entity/Q17497","18636","Point(37.45416667 55.88527778)","http://commons.wikimedia.org/wiki/Special:FilePath/16.09.2012%20%D0%A6%D0%A1%D0%9A%D0%90-%D0%90%D0%9B%D0%90%D0%9D%D0%98%D0%AF.JPG","FC Dynamo Moscow","Arena Khimki","FCDM_official"
"http://www.wikidata.org/entity/Q19498","39732","Point(-1.500555555 53.411388888)","http://commons.wikimedia.org/wiki/Special:FilePath/Hillsborough%20Stadium%20interior.jpg","Sheffield Wednesday F.C.","Hillsborough Stadium","swfc"
"http://www.wikidata.org/entity/Q19458","22546","Point(-2.230225 53.789064)","http://commons.wikimedia.org/wiki/Special:FilePath/Turf%20Moor%20panorama.jpg","Burnley F.C.","Turf Moor",NA
"http://www.wikidata.org/entity/Q8857","30044","Point(-4.426422 36.734092)","http://commons.wikimedia.org/wiki/Special:FilePath/Estado%20de%20la%20Rosaleda%20%28M%C3%A1laga%20C.F.%29.jpg","Málaga CF","La Rosaleda Stadium","MalagaCF"
"http://www.wikidata.org/entity/Q19518","45000","Point(1.433889 43.583056)","http://commons.wikimedia.org/wiki/Special:FilePath/StadiumToulouse3.JPG","Toulouse F.C.","Stadium Municipal","ToulouseFC"
"http://www.wikidata.org/entity/Q12297","22000","Point(-0.103611 39.944167)","http://commons.wikimedia.org/wiki/Special:FilePath/El%20Madrigal%20Stadium%2002.jpg","Villarreal Club de Fútbol","Estadio El Madrigal",NA
"http://www.wikidata.org/entity/Q1893","38279","Point(11.309722222 44.492222222)","http://commons.wikimedia.org/wiki/Special:FilePath/Prepartita%20bologna%20bari.jpg","Bologna F.C. 1909","Stadio Renato Dall'Ara",NA
"http://www.wikidata.org/entity/Q19444","30016","Point(-1.868188888 52.475702777)","http://commons.wikimedia.org/wiki/Special:FilePath/TiltonRoadEnd01.JPG","Birmingham City F.C.","St Andrew's",NA
"http://www.wikidata.org/entity/Q75684","30286","Point(-8.4308 41.5624)","http://commons.wikimedia.org/wiki/Special:FilePath/Estadio%20Braga.JPG","S.C. Braga","Estádio Municipal de Braga",NA
"http://www.wikidata.org/entity/Q18662","28050","Point(-3.203056 51.472778)","http://commons.wikimedia.org/wiki/Special:FilePath/Cardiff%20City%20Stadium%20Pitch.jpg","Cardiff City F.C.","Cardiff City Stadium",NA
"http://www.wikidata.org/entity/Q19487","20146","Point(-0.050833 51.485833)","http://commons.wikimedia.org/wiki/Special:FilePath/The%20New%20Den%20-%20geograph.org.uk%20-%201143517.jpg","Millwall F.C.","The Den",NA
"http://www.wikidata.org/entity/Q19462","27111","Point(0.036388888 51.486388888)","http://commons.wikimedia.org/wiki/Special:FilePath/The%20Valley%20North%20and%20West%20Stands.jpg","Charlton Athletic F.C.","The Valley",NA
"http://www.wikidata.org/entity/Q5794","40157","Point(-2.966388888 53.438888888)","http://commons.wikimedia.org/wiki/Special:FilePath/Goodisonview1.JPG","Everton F.C.","Goodison Park","Everton"
"http://www.wikidata.org/entity/Q10300","14708","Point(-3.658961 40.391944)","http://commons.wikimedia.org/wiki/Special:FilePath/Estadio%20de%20Vallecas.jpg","Rayo Vallecano","Campo de Fútbol de Vallecas",NA
"http://www.wikidata.org/entity/Q19467","26255","Point(-0.085555555 51.398333333)","http://commons.wikimedia.org/wiki/Special:FilePath/Selhurst%20Park%20Stadium.jpg","Crystal Palace F.C.","Selhurst Park",NA
"http://www.wikidata.org/entity/Q19509","31127","Point(-1.712833 48.107444)","http://commons.wikimedia.org/wiki/Special:FilePath/Staderennais-routelorient.JPG","Stade Rennais F.C.","Roazhon Park",NA
"http://www.wikidata.org/entity/Q29112","45000","Point(37.435556 55.8175)","http://commons.wikimedia.org/wiki/Special:FilePath/Spartak%20stadium%20%28Otkrytiye%20Arena%29%2C%2023%20August%202014.JPG","Spartak Moscow","Otkrytie Arena","fcsm_official"
"http://www.wikidata.org/entity/Q29112","45360","Point(37.435556 55.8175)","http://commons.wikimedia.org/wiki/Special:FilePath/Spartak%20stadium%20%28Otkrytiye%20Arena%29%2C%2023%20August%202014.JPG","Spartak Moscow","Otkrytie Arena","fcsm_official"
"http://www.wikidata.org/entity/Q19598","20229","Point(-1.137222 52.9425)","http://commons.wikimedia.org/wiki/Special:FilePath/ViewFromKop.jpg","Notts County F.C.","Meadow Lane",NA
"http://www.wikidata.org/entity/Q8749","32","Point(-8.740328 42.211861)","http://commons.wikimedia.org/wiki/Special:FilePath/Grada%20R%C3%ADo.JPG","Celta Vigo","Balaídos","rccelta_oficial"
"http://www.wikidata.org/entity/Q19589","15231","Point(-1.113889 53.509722)","http://commons.wikimedia.org/wiki/Special:FilePath/Keepmoat%20Stadium%20Doncaster.jpg","Doncaster Rovers","Keepmoat Stadium",NA
"http://www.wikidata.org/entity/Q188430","38065","Point(12.572203 55.702469)","http://commons.wikimedia.org/wiki/Special:FilePath/Parken%201.jpg","F.C. Copenhagen","Parken Stadium",NA
"http://www.wikidata.org/entity/Q193481","19416","Point(14.416122 50.099716)","http://commons.wikimedia.org/wiki/Special:FilePath/Generali%20Arena-AC%20Sparta%20Praha.jpg","AC Sparta Prague","Generali Arena",NA
"http://www.wikidata.org/entity/Q193481","19784","Point(14.416122 50.099716)","http://commons.wikimedia.org/wiki/Special:FilePath/Generali%20Arena-AC%20Sparta%20Praha.jpg","AC Sparta Prague","Generali Arena",NA
"http://www.wikidata.org/entity/Q194393","20800","Point(14.471389 50.066944)","http://commons.wikimedia.org/wiki/Special:FilePath/Synot%20Tip%20Arena%20-%20Viktoria%20Plzen%20-%20FC%20Barcelona%200-4.jpg","SK Slavia Prague","Eden Arena",NA
"http://www.wikidata.org/entity/Q495299","52652","Point(28.990417 41.102861)","http://commons.wikimedia.org/wiki/Special:FilePath/Turktelekomarena%20tr-aze.jpg","Galatasaray S.K.","Türk Telekom Arena","GalatasaraySK"
"http://www.wikidata.org/entity/Q131603","66000","Point(11.624752777 48.218775)","http://commons.wikimedia.org/wiki/Special:FilePath/M%C3%BCnchen%20-%20Allianz-Arena%20%28Luftbild%29.jpg","TSV 1860 München","Allianz Arena",NA
"http://www.wikidata.org/entity/Q131603","75000","Point(11.624752777 48.218775)","http://commons.wikimedia.org/wiki/Special:FilePath/M%C3%BCnchen%20-%20Allianz-Arena%20%28Luftbild%29.jpg","TSV 1860 München","Allianz Arena",NA
"http://www.wikidata.org/entity/Q102720","74064","Point(13.239444444 52.514722222)","http://commons.wikimedia.org/wiki/Special:FilePath/Berlin%20Olympiastadion%20nach%20Umbau.jpg","Hertha BSC","Olympiastadion Berlin","HerthaBSC"
"http://www.wikidata.org/entity/Q104770","50000","Point(6.875 50.933611)","http://commons.wikimedia.org/wiki/Special:FilePath/RheinEnergieStadion%20K%C3%B6ln%20002.jpg","1. FC Köln","RheinEnergie Stadion",NA
"http://www.wikidata.org/entity/Q104761","30210","Point(7.002205555 51.038255555)","http://commons.wikimedia.org/wiki/Special:FilePath/BayArena%20neu%202009.jpg","Bayer 04 Leverkusen","BayArena","bayer04fussball"
"http://www.wikidata.org/entity/Q201567","18416","Point(11.980555555 57.706111111)",NA,"IFK Göteborg","Gamla Ullevi",NA
"http://www.wikidata.org/entity/Q172969","52518","Point(37.809722 48.020833)","http://commons.wikimedia.org/wiki/Special:FilePath/Donezk%20Donbass%20Arena%2009.JPG","FC Shakhtar Donetsk","Donbass Arena",NA
"http://www.wikidata.org/entity/Q734785","43615","Point(18.640278 54.39)","http://commons.wikimedia.org/wiki/Special:FilePath/PGE%20Arena.jpeg","Lechia Gdańsk","Stadion Energa Gdańsk",NA
"http://www.wikidata.org/entity/Q179075","70050","Point(30.521845 50.43341)","http://commons.wikimedia.org/wiki/Special:FilePath/%D0%A4%D1%96%D0%BD%D0%B0%D0%BB%20%D0%84%D0%B2%D1%80%D0%BE-2012.%20%D0%9D%D0%A1%D0%9A%20%C2%AB%D0%9E%D0%BB%D1%96%D0%BC%D0%BF%D1%96%D0%B9%D1%81%D1%8C%D0%BA%D0%B8%D0%B9%C2%BB.%203%20%D1%85%D0%B2%D0%B8%D0%BB%D0%B8%D0%BD%D0%B8%20%D0%BF%D1%96%D1%81%D0%BB%D1%8F%20%D1%84%D1%96%D0%BD%D0%B0%D0%BB%D1%8C%D0%BD%D0%BE%D0%B3%D0%BE%20%D1%81%D0%B2%D0%B8%D1%81%D1%82%D0%BA%D0%B0.JPG","FC Dynamo Kyiv","Olimpiyskiy National Sports Complex",NA
"http://www.wikidata.org/entity/Q189671","38512","Point(7.62 47.541389)","http://commons.wikimedia.org/wiki/Special:FilePath/St%20Jakob-Park.jpg","FC Basel","St. Jakob-Park",NA
"http://www.wikidata.org/entity/Q420594","23804","Point(76.92435 43.238331)","http://commons.wikimedia.org/wiki/Special:FilePath/Almaty%20Central%20Stad.jpeg","FC Kairat","Almaty Central Stadium",NA
"http://www.wikidata.org/entity/Q483020","48712","Point(2.253055555 48.841388888)","http://commons.wikimedia.org/wiki/Special:FilePath/Paris-Parc-des-Princes.jpg","Paris Saint-Germain","Parc des Princes","psg_inside"
"http://www.wikidata.org/entity/Q190526","32000","Point(7.465 46.962778)","http://commons.wikimedia.org/wiki/Special:FilePath/Tatze-derby.jpg","BSC Young Boys","Stade de Suisse","ybchannel"
"http://www.wikidata.org/entity/Q204357","30510","Point(-118.261111111 33.864444444)","http://commons.wikimedia.org/wiki/Special:FilePath/LA%20Galaxy%20vs%20Houston%20Dynamo-%20Western%20Conference%20Finals%20panorama.jpg","Los Angeles Galaxy","The Home Depot Center",NA
"http://www.wikidata.org/entity/Q132885","67000","Point(5.395833333 43.269722222)","http://commons.wikimedia.org/wiki/Special:FilePath/Stade%20V%C3%A9lodrome%20%2820150405%29.jpg","Olympique de Marseille","Stade Vélodrome",NA
"http://www.wikidata.org/entity/Q201360","25000","Point(8.503801 47.382791)","http://commons.wikimedia.org/wiki/Special:FilePath/Letzigrund%202006.jpg","Grasshopper Club Zürich","Letzigrund",NA
"http://www.wikidata.org/entity/Q206692","25000","Point(8.503801 47.382791)","http://commons.wikimedia.org/wiki/Special:FilePath/Letzigrund%202006.jpg","FC Zürich","Letzigrund",NA
"http://www.wikidata.org/entity/Q201360","25000","Point(8.503801 47.382791)","http://commons.wikimedia.org/wiki/Special:FilePath/Letzigrund%20Zuerich.jpg","Grasshopper Club Zürich","Letzigrund",NA
"http://www.wikidata.org/entity/Q206692","25000","Point(8.503801 47.382791)","http://commons.wikimedia.org/wiki/Special:FilePath/Letzigrund%20Zuerich.jpg","FC Zürich","Letzigrund",NA
"http://www.wikidata.org/entity/Q702455","44345","Point(12.348056 51.345833)","http://commons.wikimedia.org/wiki/Special:FilePath/Leipzig%20von%20oben%20Zentralstadion.jpg","RB Leipzig","Red Bull Arena",NA
"http://www.wikidata.org/entity/Q172476","42566","Point(-0.563333 44.896944)","http://commons.wikimedia.org/wiki/Special:FilePath/Grand%20Stade%20de%20Bordeaux%202014-11-16.jpg","F.C. Girondins de Bordeaux","Stade Bordeaux-Atlantique",NA
"http://www.wikidata.org/entity/Q208406","12700","Point(19.106725 47.490919444)",NA,"MTK Budapest FC","Hidegkuti Nándor Stadium",NA
"http://www.wikidata.org/entity/Q128446","50431","Point(-8.583933 41.161758)","http://commons.wikimedia.org/wiki/Special:FilePath/Est%C3%A1dio%20do%20Drag%C3%A3o%20%288468978586%29.jpg","F.C. Porto","Estádio do Dragão",NA
"http://www.wikidata.org/entity/Q754307","22288","Point(39.321111 48.559444)","http://commons.wikimedia.org/wiki/Special:FilePath/Avanhard%20Luhansk2.JPG","FC Zorya Luhansk","Avanhard Stadium",NA
"http://www.wikidata.org/entity/Q167615","45757","Point(-73.551944444 45.557777777)","http://commons.wikimedia.org/wiki/Special:FilePath/Le%20Stade%20Olympique%203.jpg","Montreal Impact F.C.","Olympic Stadium of Montreal","impactmontreal"
"http://www.wikidata.org/entity/Q106394","24000","Point(7.893056 47.988889)","http://commons.wikimedia.org/wiki/Special:FilePath/Badenova-Stadion%202011.jpg","SC Freiburg","Mage Solar Stadion",NA
"http://www.wikidata.org/entity/Q180305","18523","Point(7.415556 43.727778)","http://commons.wikimedia.org/wiki/Special:FilePath/Monaco005.jpg","A.S. Monaco F.C.","Stade Louis II","AS_Monaco"
"http://www.wikidata.org/entity/Q179658","55611","Point(26.1525 44.4372)","http://commons.wikimedia.org/wiki/Special:FilePath/Stadionul%20National%20-%20National%20Arena%203.jpg","F.C. Steaua Bucureşti","National Arena",NA
"http://www.wikidata.org/entity/Q179658","55611","Point(26.152508 44.437208)","http://commons.wikimedia.org/wiki/Special:FilePath/Stadionul%20National%20-%20National%20Arena%203.jpg","F.C. Steaua Bucureşti","National Arena",NA
"http://www.wikidata.org/entity/Q240444","30597","Point(45.74525278 43.32317778)","http://commons.wikimedia.org/wiki/Special:FilePath/Ahmat-arena2.jpg","FC Terek Grozny","Akhmat-Arena",NA
"http://www.wikidata.org/entity/Q478167","7354","Point(14.384166666 67.2775)","http://commons.wikimedia.org/wiki/Special:FilePath/Aspmyra%20stadion.jpg","FK Bodø/Glimt","Aspmyra Stadion",NA
"http://www.wikidata.org/entity/Q192253","13000","Point(17.141111 48.166111)","http://commons.wikimedia.org/wiki/Special:FilePath/Pasienky%201.JPG","ŠK Slovan Bratislava","Štadión Pasienky",NA
"http://www.wikidata.org/entity/Q209640","10770","Point(18.744722 49.229167)","http://commons.wikimedia.org/wiki/Special:FilePath/Zilina%20vs%20Slovan.JPG","MŠK Žilina","Štadión pod Dubňom",NA
"http://www.wikidata.org/entity/Q105254","34034","Point(8.224167 49.984167)","http://commons.wikimedia.org/wiki/Special:FilePath/Er%C3%B6ffnungsfeier%20Coface%20Arena.JPG","1. FSV Mainz 05","Coface Arena",NA
"http://www.wikidata.org/entity/Q208552","11800","Point(7.148611111 62.733888888)","http://commons.wikimedia.org/wiki/Special:FilePath/Moldefk-aker-stadion.jpg","Molde FK","Aker Stadion","Molde_FK"
"http://www.wikidata.org/entity/Q428211","44740","Point(51.440562 25.34474)",NA,"Al-Gharafa Sports Club","Thani bin Jassim Stadium",NA
"http://www.wikidata.org/entity/Q170117","15000","Point(11.482344 48.750275)","http://commons.wikimedia.org/wiki/Special:FilePath/Audi-Sportpark.jpg","FC Ingolstadt 04","Audi Sportpark",NA
"http://www.wikidata.org/entity/Q641373","19219","Point(32.845681 39.940094)","http://commons.wikimedia.org/wiki/Special:FilePath/Gen%C3%A7lerbirli%C4%9Fi%202-1%20Karab%C3%BCkspor.jpg","Gençlerbirliği S.K.","Ankara 19 Mayıs Stadium",NA
"http://www.wikidata.org/entity/Q329607","17234","Point(16.173055555 58.584166666)","http://commons.wikimedia.org/wiki/Special:FilePath/Nyaparken.jpg","IFK Norrköping","Idrottsparken",NA
"http://www.wikidata.org/entity/Q208396","29505","Point(19.096111 47.475278)","http://commons.wikimedia.org/wiki/Special:FilePath/Fradi%20p%C3%A1lya.jpg","Ferencvárosi TC","Stadion Albert Flórián",NA
"http://www.wikidata.org/entity/Q216773","7584","Point(9.510277777 47.140277777)","http://commons.wikimedia.org/wiki/Special:FilePath/Haupttrib%C3%BCne%20mit%20Gebirge.JPG","FC Vaduz","Rheinpark Stadion","VaduzFC"
"http://www.wikidata.org/entity/Q176371","18636","Point(37.45416667 55.88527778)","http://commons.wikimedia.org/wiki/Special:FilePath/16.09.2012%20%D0%A6%D0%A1%D0%9A%D0%90-%D0%90%D0%9B%D0%90%D0%9D%D0%98%D0%AF.JPG","PFC CSKA Moscow","Arena Khimki","PFC_CSKA_MOSCOW"
"http://www.wikidata.org/entity/Q113000","13213","Point(4.486389 51.037222)",NA,"KV Mechelen","Argosstadion Achter de Kazerne",NA
"http://www.wikidata.org/entity/Q274642","17000","Point(56.244636 57.990694)","http://commons.wikimedia.org/wiki/Special:FilePath/Zvezda%20Stadium%20Perm.jpg","FC Amkar Perm","Zvezda Stadium",NA
"http://www.wikidata.org/entity/Q633521","15000","Point(8.961667 46.023611)",NA,"FC Lugano","Cornaredo Stadium",NA
"http://www.wikidata.org/entity/Q221940","9560","Point(3.987222 51.116389)","http://commons.wikimedia.org/wiki/Special:FilePath/20110720%20daknamstadion.jpg","K.S.C. Lokeren Oost-Vlaanderen","Daknamstadion",NA
"http://www.wikidata.org/entity/Q221671","9900","Point(15.049972 50.776214)","http://commons.wikimedia.org/wiki/Special:FilePath/Liberec%2C%20stadion%20U%20Nisy.JPG","FC Slovan Liberec","Stadion u Nisy",NA
"http://www.wikidata.org/entity/Q223262","16800","Point(8.305187 47.033264)","http://commons.wikimedia.org/wiki/Special:FilePath/Swissporarena%20luftaufnahme%20cropped.jpg","FC Luzern","Swissporarena",NA
"http://www.wikidata.org/entity/Q131209","12500","Point(16.386694 48.162306)","http://commons.wikimedia.org/wiki/Special:FilePath/Franz-Horr-Stadion-Panorama.jpg","FK Austria Wien","Generali Arena",NA
"http://www.wikidata.org/entity/Q131215","18500","Point(16.265278 48.197778)","http://commons.wikimedia.org/wiki/Special:FilePath/Hanappi-Stadion%20Nord.jpg","SK Rapid Wien","Gerhard-Hanappi-stadium",NA
"http://www.wikidata.org/entity/Q172803","60000","Point(16.018077777 45.818858333)",NA,"N.K. Dinamo Zagreb","Stadion Maksimir","NKDinamo1911"
"http://www.wikidata.org/entity/Q190943","33268","Point(19.911944 50.063611)","http://commons.wikimedia.org/wiki/Special:FilePath/Stadion%20przed%20meczem%20z%20APOELEM.jpg","Wisła Kraków","Stadion Miejski in Kraków",NA
"http://www.wikidata.org/entity/Q205732","10200","Point(21.638882 47.549573)","http://commons.wikimedia.org/wiki/Special:FilePath/Debrecen-Rabotnicki.jpg","Debreceni VSC","Stadion Oláh Gábor Út",NA
"http://www.wikidata.org/entity/Q279818","15016","Point(19.919722 50.058056)","http://commons.wikimedia.org/wiki/Special:FilePath/Stade%20J%C3%B3zef%20Pi%C5%82sudski.jpg","KS Cracovia","Marshal Józef Piłsudski Stadium",NA
"http://www.wikidata.org/entity/Q556570","19626","Point(32.502222 40.011389)",NA,"Osmanlıspor","Osmanlı Stadyumu",NA
"http://www.wikidata.org/entity/Q181216","35000","Point(16.431667 43.519444)","http://commons.wikimedia.org/wiki/Special:FilePath/Poljud%20panorama%202.jpg","H.N.K. Hajduk Split","Stadion Poljud","hajduk_hr"
"http://www.wikidata.org/entity/Q204881","24000","Point(12.987777777 55.583611111)","http://commons.wikimedia.org/wiki/Special:FilePath/Swebank%20Stadion%2C%20Malm%C3%B6%202011.jpg","Malmö FF","Swedbank Stadion",NA
"http://www.wikidata.org/entity/Q479351","19000","Point(8.672222 49.857778)","http://commons.wikimedia.org/wiki/Special:FilePath/B%C3%B6llenfalltor%20Blick%20von%20S%C3%BCdkurve.jpg","SV Darmstadt 98","Stadion am Böllenfalltor",NA
"http://www.wikidata.org/entity/Q767400","17000","Point(20.717222 48.099444)","http://commons.wikimedia.org/wiki/Special:FilePath/Di%C3%B3sgy%C5%91ri%20stadion.jpg","Diósgyőri VTK","DVTK Stadion",NA
"http://www.wikidata.org/entity/Q326811","14300","Point(18.415436 47.173765)","http://commons.wikimedia.org/wiki/Special:FilePath/S%C3%B3st%C3%B3i%20Stadion%20Feh%C3%A9rv%C3%A1r%20FC-Vasas%202009-05-16.jpg","Videoton FC","Sóstói Stadion","VideotonFC"
"http://www.wikidata.org/entity/Q216032","25000","Point(5.533333 51.005)",NA,"K.R.C. Genk","Cristal Arena",NA
"http://www.wikidata.org/entity/Q193749","31103","Point(21.040628 52.220461)","http://commons.wikimedia.org/wiki/Special:FilePath/Stadion%20Legii%2006.jpg","KP Legia Warsaw","Polish Army Stadium","legiawarszawa"
"http://www.wikidata.org/entity/Q203573","25213","Point(29.048333 40.192222)","http://commons.wikimedia.org/wiki/Special:FilePath/Bursa%20Atat%C3%BCrk%20Stadium.jpg","Bursaspor","Bursa Atatürk Stadium",NA
"http://www.wikidata.org/entity/Q309059","7800","Point(-4.2175 57.494722)","http://commons.wikimedia.org/wiki/Special:FilePath/Inverness%20stadium%20a2.jpg","Inverness Caledonian Thistle F.C.","Caledonian Stadium",NA
"http://www.wikidata.org/entity/Q192071","38285","Point(-1.525278 47.255556)","http://commons.wikimedia.org/wiki/Special:FilePath/Stade%20de%20la%20Beaujoire.jpg","F.C. Nantes","Stade de la Beaujoire",NA
"http://www.wikidata.org/entity/Q425599","6280","Point(15.162225 50.714964)",NA,"FK Baumit Jablonec","Chance Arena",NA
"http://www.wikidata.org/entity/Q190916","30000","Point(3.181311 51.193269)","http://commons.wikimedia.org/wiki/Special:FilePath/Panoramio%20-%20V%26A%20Dudush%20-%20Jan%20Breydel%20Stadion.jpg","Club Brugge K.V.","Jan Breydel Stadium","clubbrugge"
"http://www.wikidata.org/entity/Q221602","54329","Point(18.0 59.3725)","http://commons.wikimedia.org/wiki/Special:FilePath/Friendsarena.jpg","AIK Fotboll","Friends Arena",NA
"http://www.wikidata.org/entity/Q187326","21421","Point(-2.088888888 57.159166666)","http://commons.wikimedia.org/wiki/Special:FilePath/Inside%20Pittodrie%20Stadium.%20-%20geograph.org.uk%20-%20109557.jpg","Aberdeen F.C.","Pittodrie Stadium",NA
"http://www.wikidata.org/entity/Q204888","28703","Point(22.972422 40.613839)","http://commons.wikimedia.org/wiki/Special:FilePath/PAOK-Tottenham%20Hotspur%20%2815.9.11%29.JPG","P.A.O.K. Thessaloniki F.C.","Toumba Stadium",NA
"http://www.wikidata.org/entity/Q248188","30500","Point(-0.733333 52.009444)",NA,"Milton Keynes Dons F.C.","Stadium mk",NA
"http://www.wikidata.org/entity/Q140497","16068","Point(16.1975 51.413333)","http://commons.wikimedia.org/wiki/Special:FilePath/Dialog%20Arena.jpg","Zagłębie Lubin","Stadion Zagłębia Lubin",NA
"http://www.wikidata.org/entity/Q642408","17424","Point(-104.891944444 39.805555555)","http://commons.wikimedia.org/wiki/Special:FilePath/Dick%27s%20Park.jpg","Colorado Rapids","Dick's Sporting Goods Park",NA
"http://www.wikidata.org/entity/Q204237","15032","Point(26.102444 44.455083)","http://commons.wikimedia.org/wiki/Special:FilePath/Dinamo%20Stadium%20%282006%29.jpg","FC Dinamo București","Stadionul Dinamo",NA
"http://www.wikidata.org/entity/Q175687","31003","Point(35.032472 48.460333)","http://commons.wikimedia.org/wiki/Special:FilePath/Dnipro-Arena4.jpg","FC Dnipro Dnipropetrovsk","Dnipro Arena",NA
"http://www.wikidata.org/entity/Q318969","12600","Point(14.380959 45.339202)","http://commons.wikimedia.org/wiki/Special:FilePath/Stadion%20Kantrida%20Rijeka%2013032012%202.jpg","H.N.K. Rijeka","Stadion Kantrida",NA
"http://www.wikidata.org/entity/Q748725","30050","Point(144.983889 -37.825278)","http://commons.wikimedia.org/wiki/Special:FilePath/AAMIPARK.JPG","Melbourne City Football Club","Melbourne Rectangular Stadium","MelbourneCity"
"http://www.wikidata.org/entity/Q210025","10100","Point(12.353289 55.815847)",NA,"FC Nordsjælland","Farum Park",NA
"http://www.wikidata.org/entity/Q332664","14637","Point(5.066944 51.542778)","http://commons.wikimedia.org/wiki/Special:FilePath/Willem%20II%20stadion.jpg","Willem II","Koning Willem II Stadion",NA
"http://www.wikidata.org/entity/Q220854","31654","Point(38.999444444 45.025277777)","http://commons.wikimedia.org/wiki/Special:FilePath/Kuban%20Stadium%20FC%20Kuban%20Krasnodar%20vs%20FC%20Rostov%2C%20Russian%20Premier%20League%2C%20Krasnodar%2C%20Russian%202005%20Federation.jpg","FC Krasnodar","Kuban Stadium",NA
"http://www.wikidata.org/entity/Q210961","18128","Point(-4.508122 55.604225)","http://commons.wikimedia.org/wiki/Special:FilePath/Rugby%20Park.jpg","Kilmarnock F.C.","Rugby Park",NA
"http://www.wikidata.org/entity/Q192641","24169","Point(39.705317 41.003664)",NA,"Trabzonspor","Hüseyin Avni Aker Stadium",NA
"http://www.wikidata.org/entity/Q138230","14234","Point(28.972322 41.032806)","http://commons.wikimedia.org/wiki/Special:FilePath/Stadion%20Kasimpasa.JPG","Kasımpaşa Spor Kulübü","Recep Tayyip Erdoğan Stadium",NA
"http://www.wikidata.org/entity/Q725332","8500","Point(17.301111111 62.394166666)","http://commons.wikimedia.org/wiki/Special:FilePath/NorrportenArena.jpg","GIF Sundsvall","Norrporten Arena",NA
"http://www.wikidata.org/entity/Q268776","10696","Point(-3.476928 56.409686)","http://commons.wikimedia.org/wiki/Special:FilePath/McDiarmid%20Park.jpg","St. Johnstone F.C.","McDiarmid Park",NA
"http://www.wikidata.org/entity/Q211912","15633","Point(10.350055 55.397771)","http://commons.wikimedia.org/wiki/Special:FilePath/Odense%20Stadion.JPG","Odense Boldklub","TRE-FOR Park",NA
"http://www.wikidata.org/entity/Q301431","20032","Point(10.196389 56.131944)","http://commons.wikimedia.org/wiki/Special:FilePath/Atletion.jpg","Aarhus Gymnastikforening","Atletion",NA
"http://www.wikidata.org/entity/Q498473","6078","Point(-4.0585 55.7822)","http://commons.wikimedia.org/wiki/Special:FilePath/New%20Douglas%20Park%20-%201.jpg","Hamilton Academical F.C.","New Douglas Park","acciesfc"
"http://www.wikidata.org/entity/Q167615","20521","Point(-73.5525 45.563055555)","http://commons.wikimedia.org/wiki/Special:FilePath/Stade%20Saputo.27.06.12.jpg","Montreal Impact F.C.","Saputo Stadium","impactmontreal"
"http://www.wikidata.org/entity/Q206838","11700","Point(13.385556 49.75)","http://commons.wikimedia.org/wiki/Special:FilePath/Doosan%20Arena.JPG","FC Viktoria Plzeň","Doosan Arena",NA
"http://www.wikidata.org/entity/Q301726","10000","Point(18.944178 50.282203)","http://commons.wikimedia.org/wiki/Special:FilePath/StadionRuch.jpg","Ruch Chorzów","Stadion Ruchu",NA
"http://www.wikidata.org/entity/Q460724","30001","Point(18.08527778 59.29138889)","http://commons.wikimedia.org/wiki/Special:FilePath/Tele2%20Arena%20juni%202013a%2001.jpg","Hammarby Fotboll","Tele2 Arena","Hammarbyfotboll"
"http://www.wikidata.org/entity/Q309480","24000","Point(39.251693 21.446608)","http://commons.wikimedia.org/wiki/Special:FilePath/Prince%20Abdullah%20Al-Faisal%20Stadium%202009.jpg","Ittihad FC","Prince Abdullah al-Faisal Stadium","ittihad"
"http://www.wikidata.org/entity/Q585958","9200","Point(23.270056 45.043639)",NA,"CS Pandurii Târgu Jiu","Stadionul Tudor Vladimirescu",NA
"http://www.wikidata.org/entity/Q723476","2000","Point(47.170278 40.156667)",NA,"FK Qarabağ","Guzanli Olympic Complex Stadium",NA
"http://www.wikidata.org/entity/Q1130849","45276","Point(-2.960827777 53.430819444)","http://commons.wikimedia.org/wiki/Special:FilePath/Anfield%2C%2020%20October%202012.jpg","Liverpool F.C.","Anfield","LFC"
"http://www.wikidata.org/entity/Q1120838","13602","Point(9.07222222 45.81388889)","http://commons.wikimedia.org/wiki/Special:FilePath/StadioSinigaglia3bWiki.JPG","Calcio Como","Stadio Giuseppe Sinigaglia",NA
"http://www.wikidata.org/entity/Q857938","80597","Point(28.765702777 41.074472222)","http://commons.wikimedia.org/wiki/Special:FilePath/Atat%C3%BCrk%20Olimpiyat.jpg","İstanbul Büyükşehir Belediyespor","Atatürk Olympic Stadium",NA
"http://www.wikidata.org/entity/Q6601875","50509","Point(29.036667 40.987778)","http://commons.wikimedia.org/wiki/Special:FilePath/FB-GS%20Seramoni.jpg","Fenerbahçe S.K.","Fenerbahce Sukru Saracoglu Stadium",NA
"http://www.wikidata.org/entity/Q812719","44740","Point(51.341279 25.330538)",NA,"Al-Sailiya SC","Ahmed bin Ali Stadium",NA
"http://www.wikidata.org/entity/Q1128631","37914","Point(-1.572222222 53.777777777)","http://commons.wikimedia.org/wiki/Special:FilePath/Elland%20Road%20Stadium%20from%20Wortley.jpg","Leeds United A.F.C.","Elland Road","LUFC"
"http://www.wikidata.org/entity/Q4122219","16003","Point(23.754194444 37.987169444)",NA,"Panathinaikos F.C.","Apostolos Nikolaidis Stadium",NA
"http://www.wikidata.org/entity/Q814738","66161","Point(116.441139 39.929528)","http://commons.wikimedia.org/wiki/Special:FilePath/Workers%20stadium.JPG","Beijing Guoan F.C.","Workers Stadium","FCBeijingGuoan"
"http://www.wikidata.org/entity/Q986529","13000","Point(34.785964 31.253794)","http://commons.wikimedia.org/wiki/Special:FilePath/Vasermil%20Stadium24.jpg","Hapoel Be'er Sheva F.C.","Vasermil Stadium",NA
"http://www.wikidata.org/entity/Q849823","45000","Point(-100.312055555 25.722805555)",NA,"Tigres UANL","Estadio Universitario","tigresoficial"
"http://www.wikidata.org/entity/Q861524","9000","Point(10.17969 59.13725)",NA,"Sandefjord Fotball","Komplett.no Arena",NA
"http://www.wikidata.org/entity/Q845043","9680","Point(13.343056 41.637778)","http://commons.wikimedia.org/wiki/Special:FilePath/Stadio%20Matusa%2C%20Frosinone%20%282007%29.jpg","Frosinone Calcio","Stadio Matusa",NA
"http://www.wikidata.org/entity/Q845772","12500","Point(19.81138333 41.31898056)",NA,"Partizani Tirana","Selman Stërmasi Stadium",NA
"http://www.wikidata.org/entity/Q1339086","6000","Point(26.5275 43.53361111)","http://commons.wikimedia.org/wiki/Special:FilePath/Ludogorets%20Arena.jpg","PFC Ludogorets Razgrad","Ludogorets Arena",NA
"http://www.wikidata.org/entity/Q101959","54057","Point(6.385463888 51.174583333)","http://commons.wikimedia.org/wiki/Special:FilePath/Borussia%20Park%20M%C3%B6nchengladbach.jpg","Borussia Mönchengladbach","Borussia-Park",NA
"http://www.wikidata.org/entity/Q172567","41903","Point(28.9947 41.0392)","http://commons.wikimedia.org/wiki/Special:FilePath/Be%C5%9Fikta%C5%9F%20J.K.%20vs%20Bursaspor%2011%20April%202016%20%285%29.jpg","Beşiktaş J.K.","Vodafone Arena","Besiktas"
"http://www.wikidata.org/entity/Q73996","12000","Point(20.782778 40.625833)","http://commons.wikimedia.org/wiki/Special:FilePath/Stadiumi%20Sk%C3%ABnderbeu.jpg","KF Skënderbeu Korçë","Skënderbeu Stadium",NA
"http://www.wikidata.org/entity/Q19516","80000","Point(3.130556 50.611944)","http://commons.wikimedia.org/wiki/Special:FilePath/Grand%20Stade%20Lille%20M%C3%A9tropole%20LOSC%20first%20match.JPG","Lille O.S.C.","Stade Pierre-Mauroy","losclive"
"http://www.wikidata.org/entity/Q2710","24400","Point(14.22944444 42.45527778)","http://commons.wikimedia.org/wiki/Special:FilePath/Pescara%202010-by-RaBoe-004.jpg","Delfino Pescara 1936","Stadio Adriatico","PescaraCalcio"
"http://www.wikidata.org/entity/Q29103","31654","Point(38.999444444 45.025277777)","http://commons.wikimedia.org/wiki/Special:FilePath/Kuban%20Stadium%20FC%20Kuban%20Krasnodar%20vs%20FC%20Rostov%2C%20Russian%20Premier%20League%2C%20Krasnodar%2C%20Russian%202005%20Federation.jpg","FC Kuban Krasnodar","Kuban Stadium",NA
"http://www.wikidata.org/entity/Q280679","7534","Point(20.848669 39.667647)",NA,"PAS Giannina F.C.","Zosimades Stadium",NA
"http://www.wikidata.org/entity/Q750322","5500","Point(25.981389 43.896111)",NA,"FC Astra Giurgiu","Stadionul Marin Anastasovici",NA
"http://www.wikidata.org/entity/Q131499","65647","Point(-9.184680555 38.752677777)","http://commons.wikimedia.org/wiki/Special:FilePath/LuzLissabon.jpg","S.L. Benfica","Estádio da Luz",NA
